Date,Team,Opp,GS,GStot,W,L,SV,HLD,IP,TBF,H,R,ER,HR,BB,SO,K/9,BB/9,HR/9,BABIP,LOB%,GB%,HR/FB,EV,ERA,FIP,xFIP,GSv2
8/22/22,NYM,@NYY,1,416,0,1,0,0,6.2,29,7,4,4,1,1,3,4.05,1.35,1.35,0.261,65.80%,21.70%,7.10%,90.8,5.4,5.06,6.2,48
8/17/22,NYM,@ATL,1,415,1,0,0,0,6.1,25,3,4,4,0,3,8,11.37,4.26,0,0.231,42.90%,46.20%,0.00%,85.8,5.68,2.48,4.1,61
8/12/22,NYM,PHI,1,414,0,0,0,0,7,30,9,1,1,0,0,6,7.71,0,0,0.391,90.00%,34.80%,0.00%,85,1.29,1.83,4.55,66
8/6/22,NYM,ATL,1,413,1,0,0,0,7,25,4,0,0,0,0,11,14.14,0,0,0.286,100.00%,28.60%,0.00%,85,0,-0.03,1.65,84
8/1/22,NYM,@WSN,1,412,1,0,0,0,6.2,28,6,3,2,1,2,5,6.75,2.7,1.35,0.25,75.80%,30.00%,8.30%,89.8,2.7,4.46,5.16,53
7/27/22,NYM,NYY,1,411,0,0,0,0,7,29,5,0,0,0,2,6,7.71,2.57,0,0.25,100.00%,10.00%,0.00%,91.9,0,2.69,5.2,73
7/22/22,NYM,SDP,1,410,0,1,0,0,6,25,5,2,2,1,1,8,12,1.5,1.5,0.286,89.30%,38.50%,20.00%,84.7,3,3.61,2.67,59
7/16/22,NYM,@CHC,1,409,0,0,0,0,6.1,27,8,2,2,0,1,11,15.63,1.42,0,0.533,77.80%,6.70%,0.00%,89.9,2.84,0.11,1.97,64
7/11/22,NYM,@ATL,1,408,1,0,0,0,7,24,3,1,1,1,0,9,11.57,0,1.29,0.143,100.00%,13.30%,10.00%,96.4,1.29,2.4,2.64,75
7/5/22,NYM,@CIN,1,407,0,0,0,0,6,21,2,0,0,0,0,11,16.5,0,0,0.222,100.00%,33.30%,0.00%,84.9,0,-0.05,0.93,82
5/18/22,NYM,STL,1,406,1,0,0,0,5.2,24,7,2,1,0,0,4,6.35,0,0,0.368,75.00%,26.30%,0.00%,86.5,1.59,2.23,4.56,57
5/13/22,NYM,SEA,1,405,0,0,0,0,7,26,3,1,1,0,2,6,7.71,2.57,0,0.188,85.70%,56.30%,0.00%,86.7,1.29,3.11,4.16,74
5/8/22,NYM,@PHI,1,404,0,1,0,0,6,26,10,3,3,1,0,7,10.5,0,1.5,0.5,81.40%,21.10%,9.10%,89.1,4.5,2.95,3.47,47
5/1/22,NYM,PHI,1,403,1,0,0,0,6,23,5,4,4,3,1,9,13.5,1.5,4.5,0.2,100.00%,30.80%,60.00%,91.8,6,7.11,1.84,42
4/25/22,NYM,@STL,1,402,0,0,0,0,7,25,2,0,0,0,1,10,12.86,1.29,0,0.143,100.00%,42.90%,0.00%,80.3,0,0.69,2.15,85
4/19/22,NYM,SFG,1,401,1,0,0,0,7,25,1,1,1,0,3,10,12.86,3.86,0,0.083,75.00%,25.00%,0.00%,85.5,1.29,1.54,3.22,80
4/13/22,NYM,@PHI,1,400,1,0,0,0,5,22,5,1,1,0,3,7,12.6,5.4,0,0.417,87.50%,33.30%,0.00%,85.6,1.8,2.11,3.88,57
4/8/22,NYM,@WSN,1,399,1,0,0,0,6,22,3,3,3,1,1,6,9,1.5,1.5,0.154,55.60%,38.50%,25.00%,92.3,4.5,4.28,3.09,58
9/29/21,LAD,SDP,1,398,0,0,0,0,5.1,27,11,6,5,2,0,4,6.75,0,3.38,0.429,61.00%,26.10%,22.20%,91.7,8.44,6.55,4.65,24
9/23/21,LAD,@COL,1,397,0,0,0,0,5,22,6,5,5,1,1,6,10.8,1.8,1.8,0.357,35.70%,40.00%,16.70%,83.4,9,3.97,3.49,41
9/18/21,LAD,@CIN,1,396,1,0,0,0,7,25,2,0,0,0,2,7,9,2.57,0,0.125,100.00%,25.00%,0.00%,79.5,0,2.03,4.8,81
9/12/21,LAD,SDP,1,395,1,0,0,0,8,25,1,0,0,0,0,9,10.13,0,0,0.063,100.00%,31.30%,0.00%,85.4,0,0.92,2.9,95
9/6/21,LAD,@STL,1,394,1,0,0,0,8,30,6,1,0,0,0,13,14.63,0,0,0.353,83.30%,41.20%,0.00%,89.8,0,-0.08,0.58,86
9/1/21,LAD,ATL,1,393,0,0,0,0,6,21,3,0,0,0,0,9,13.5,0,0,0.25,100.00%,33.30%,0.00%,87.9,0,0.17,2.23,79
8/26/21,LAD,@SDP,1,392,1,0,0,0,7.2,26,2,0,0,0,1,10,11.74,1.17,0,0.143,100.00%,50.00%,0.00%,94.8,0,1.34,2.95,90
8/21/21,LAD,NYM,1,391,1,0,0,0,5,23,5,1,1,1,1,8,14.4,1.8,1.8,0.333,100.00%,30.80%,16.70%,85.4,1.8,3.77,3.29,57
8/15/21,LAD,@NYM,1,390,1,0,0,0,6,27,4,2,2,0,2,7,10.5,3,0,0.222,66.70%,52.90%,0.00%,79.4,3,1.84,3.01,65
8/10/21,LAD,@PHI,1,389,0,0,0,0,3.1,12,3,0,0,0,0,6,16.2,0,0,0.5,100.00%,33.30%,0.00%,88.8,0,-0.43,0.63,60
8/4/21,LAD,HOU,1,388,1,0,0,0,7,27,5,2,2,1,1,10,12.86,1.29,1.29,0.267,87.00%,25.00%,11.10%,82.1,2.57,2.6,3.01,68
7/29/21,WSN,@PHI,1,387,1,0,0,0,6,23,3,1,1,1,3,5,7.5,4.5,1.5,0.154,100.00%,42.90%,20.00%,89.7,1.5,5.67,4.97,60
7/18/21,WSN,SDP,1,386,0,0,0,0,7,28,4,4,4,2,3,8,10.29,3.86,2.57,0.133,71.40%,41.20%,22.20%,89.7,5.14,5.88,4.44,52
7/8/21,WSN,@SDP,1,385,0,0,0,0,3.2,19,5,7,7,2,1,7,17.18,2.45,4.91,0.429,19.20%,33.30%,40.00%,93.4,17.18,8.9,4.21,24
7/2/21,WSN,LAD,1,384,0,0,0,0,6,22,4,1,1,1,1,8,12,1.5,1.5,0.25,100.00%,23.10%,11.10%,91.6,1.5,3.17,3.65,65
6/27/21,WSN,@MIA,1,383,1,0,0,0,6,26,5,1,1,0,2,7,10.5,3,0,0.313,87.50%,53.30%,0.00%,79.7,1.5,2.34,3.81,66
6/22/21,WSN,@PHI,1,382,1,0,0,0,5,21,2,1,1,1,3,8,14.4,5.4,1.8,0.111,100.00%,30.00%,16.70%,88.6,1.8,4.37,3.89,59
6/11/21,WSN,SFG,1,381,0,0,0,0,0.1,1,0,0,0,0,0,0,0,0,0,0,100.00%,0.00%,0.00%,90.5,0,3.17,8.46,42
6/4/21,WSN,@PHI,1,380,1,0,0,0,7.2,28,5,1,1,0,1,9,10.57,1.17,0,0.294,85.70%,43.80%,0.00%,87.7,1.17,1.6,3.45,80
5/30/21,WSN,MIL,1,379,0,1,0,0,6,21,2,2,2,1,1,10,15,1.5,1.5,0.111,62.50%,40.00%,16.70%,89.8,3,2.5,2.1,68
5/25/21,WSN,CIN,1,378,0,1,0,0,7,26,5,2,2,2,1,9,11.57,1.29,2.57,0.231,100.00%,26.70%,25.00%,91.6,2.57,5.17,3.47,61
5/19/21,WSN,@CHC,1,377,1,0,0,0,5,23,5,2,2,0,4,8,14.4,7.2,0,0.455,77.80%,18.20%,0.00%,89.1,3.6,2.37,3.78,54
5/14/21,WSN,@ARI,1,376,1,0,0,0,5,18,2,0,0,0,1,7,12.6,1.8,0,0.2,100.00%,30.00%,0.00%,87.9,0,0.97,3.09,71
5/8/21,WSN,@NYY,1,375,0,0,0,0,7.1,25,2,1,1,1,1,14,17.18,1.23,1.23,0.111,100.00%,30.00%,16.70%,87.9,1.23,1.53,1.2,83
5/2/21,WSN,MIA,1,374,1,0,0,0,9,31,5,1,1,1,0,9,9,0,1,0.2,100.00%,60.00%,20.00%,85.4,1,2.95,2.48,84
4/27/21,WSN,@TOR,1,373,0,1,0,0,5,24,8,7,5,2,2,5,9,3.6,3.6,0.4,41.70%,31.30%,25.00%,99.1,9,7.57,5.19,22
4/21/21,WSN,STL,1,372,1,0,0,0,6,23,4,0,0,0,1,9,13.5,1.5,0,0.333,100.00%,16.70%,0.00%,84.6,0,1.17,2.64,75
4/16/21,WSN,ARI,1,371,0,0,0,0,7,25,2,0,0,0,2,10,12.86,2.57,0,0.154,100.00%,7.70%,0.00%,89.5,0,1.17,3.44,84
4/11/21,WSN,@LAD,1,370,0,1,0,0,6,21,3,1,1,0,1,5,7.5,1.5,0,0.2,75.00%,20.00%,0.00%,88.8,1.5,2,4.36,70
4/6/21,WSN,ATL,1,369,0,0,0,0,6,23,5,4,4,4,0,9,13.5,0,6,0.1,100.00%,14.30%,40.00%,91.2,6,8.84,3.11,39
9/26/20,WSN,NYM,1,368,1,0,0,0,6,26,6,3,3,2,2,7,10.5,3,3,0.267,96.20%,41.20%,33.30%,95.7,4.5,6.19,3.79,47
9/20/20,WSN,@MIA,1,367,0,1,0,0,5.2,26,5,2,0,0,2,6,9.53,3.18,0,0.278,71.40%,44.40%,0.00%,82.8,0,2.13,4.51,61
9/13/20,WSN,ATL,1,366,0,1,0,0,5.1,27,9,6,6,2,2,10,16.88,3.38,3.38,0.538,61.00%,0.00%,33.30%,94.4,10.13,5.44,2.74,31
9/7/20,WSN,TBR,1,365,1,0,0,0,7,28,6,0,0,0,1,8,10.29,1.29,0,0.316,100.00%,21.10%,0.00%,87.2,0,1.33,4.36,77
9/2/20,WSN,@PHI,1,364,0,1,0,0,6,28,7,3,3,1,3,6,9,4.5,1.5,0.333,81.40%,31.60%,12.50%,86.1,4.5,4.86,5.26,48
8/28/20,WSN,@BOS,1,363,1,0,0,0,6,23,6,1,1,0,0,11,16.5,0,0,0.5,83.30%,25.00%,0.00%,88.9,1.5,-0.48,0.81,73
8/22/20,WSN,MIA,1,362,0,0,0,0,4.2,24,7,4,4,1,2,5,9.64,3.86,1.93,0.4,69.80%,37.50%,25.00%,84.9,7.71,5.76,4.63,38
8/16/20,WSN,@BAL,1,361,1,0,0,0,7,30,8,5,5,3,1,10,12.86,1.29,3.86,0.313,83.30%,11.80%,25.00%,90,6.43,6.33,4.07,42
8/11/20,WSN,@NYM,1,360,1,0,0,0,6,25,6,1,1,0,2,7,10.5,3,0,0.375,87.50%,37.50%,0.00%,90.2,1.5,1.86,3.79,65
8/5/20,WSN,NYM,1,359,0,0,0,0,1,5,1,1,1,0,1,1,9,9,0,0.333,50.00%,33.30%,0.00%,78.4,9,4.19,6.12,41
7/29/20,WSN,@TOR,1,358,0,0,0,0,7.1,27,3,0,0,0,3,10,12.27,3.68,0,0.214,100.00%,71.40%,0.00%,86.8,0,1.69,2.48,83
7/23/20,WSN,NYY,1,357,0,1,0,0,5.1,26,6,4,4,1,4,11,18.56,6.75,1.69,0.5,69.80%,50.00%,50.00%,89.2,6.75,3.75,2.04,46
9/24/19,WSN,PHI,1,356,1,0,0,0,6,24,5,4,4,2,1,10,15,1.5,3,0.273,62.50%,46.20%,40.00%,83.7,6,4.71,2.04,50
9/18/19,WSN,@STL,1,355,0,1,0,0,6.2,27,7,5,5,2,0,11,14.85,0,2.7,0.357,47.60%,37.50%,33.30%,81.2,6.75,3.81,1.7,50
9/13/19,WSN,ATL,1,354,0,1,0,0,5,24,7,3,3,0,2,6,10.8,3.6,0,0.438,66.70%,20.00%,0.00%,94.3,5.4,2.01,4.4,49
9/8/19,WSN,@ATL,1,353,1,0,0,0,6,22,2,1,1,1,2,9,13.5,3,1.5,0.1,100.00%,27.30%,20.00%,91.8,1.5,3.38,2.87,68
9/3/19,WSN,NYM,1,352,0,0,0,0,6,24,5,4,4,1,1,7,10.5,1.5,1.5,0.267,43.50%,43.80%,16.70%,90.9,6,3.55,3.37,53
8/28/19,WSN,BAL,1,351,0,0,0,0,4.1,20,6,2,2,1,1,8,16.62,2.08,2.08,0.5,89.30%,54.50%,25.00%,88.4,4.15,3.21,2.05,48
8/22/19,WSN,@PIT,1,350,0,0,0,0,4,17,4,1,1,1,1,3,6.75,2.25,2.25,0.25,100.00%,38.50%,14.30%,84.1,2.25,5.71,5.95,48
7/25/19,WSN,COL,1,349,0,0,0,0,5,20,4,3,3,1,2,8,14.4,3.6,1.8,0.333,65.20%,30.00%,25.00%,85,5.4,3.81,2.81,51
7/6/19,WSN,KCR,1,348,1,0,0,0,7,26,4,0,0,0,1,11,14.14,1.29,0,0.286,100.00%,35.70%,0.00%,90.8,0,0.5,1.64,83
6/30/19,WSN,@DET,1,347,1,0,0,0,8,28,4,1,1,1,0,14,15.75,0,1.13,0.231,100.00%,35.70%,25.00%,84.9,1.13,1.34,0.71,85
6/25/19,WSN,@MIA,1,346,1,0,0,0,8,29,5,1,1,0,0,10,11.25,0,0,0.278,83.30%,55.60%,0.00%,82.2,1.13,1.09,2.58,85
6/19/19,WSN,PHI,1,345,1,0,0,0,7,27,4,0,0,0,2,10,12.86,2.57,0,0.267,100.00%,33.30%,0.00%,75.8,0,1.21,3.77,80
6/14/19,WSN,ARI,1,344,1,0,0,0,7,27,3,2,2,2,1,10,12.86,1.29,2.57,0.077,100.00%,26.70%,22.20%,93.3,2.57,4.93,3.77,66
6/8/19,WSN,@SDP,1,343,1,0,0,0,7,28,6,0,0,0,1,9,11.57,1.29,0,0.333,100.00%,50.00%,0.00%,90.6,0,1.07,2.49,77
6/2/19,WSN,@CIN,1,342,1,0,0,0,8,29,3,1,1,0,1,15,16.88,1.13,0,0.25,80.00%,8.30%,0.00%,89.2,1.13,0.21,2.2,92
5/27/19,WSN,MIA,1,341,0,0,0,0,6,25,7,1,1,0,1,6,9,1.5,0,0.389,87.50%,55.60%,0.00%,90.5,1.5,1.71,3.7,63
5/22/19,WSN,@NYM,1,340,0,0,0,0,6,25,4,0,0,0,2,9,13.5,3,0,0.286,100.00%,53.80%,0.00%,85.9,0,1.21,2.54,73
5/17/19,WSN,CHC,1,339,0,1,0,0,6,26,6,3,3,1,4,8,12,6,1.5,0.385,81.40%,35.70%,16.70%,85.9,4.5,4.71,4.54,49
5/11/19,WSN,@LAD,1,338,1,0,0,0,7,29,5,2,2,1,2,7,9,2.57,1.29,0.235,92.10%,33.30%,14.30%,88.2,2.57,4.79,4.92,63
5/6/19,WSN,@MIL,1,337,0,0,0,0,6,27,6,2,1,0,1,10,15,1.5,0,0.375,71.40%,53.30%,0.00%,85.6,1.5,0.38,1.71,66
5/1/19,WSN,STL,1,336,0,1,0,0,7,30,8,3,3,0,2,8,10.29,2.57,0,0.4,70.00%,35.00%,0.00%,89.7,3.86,1.79,4.34,61
4/26/19,WSN,SDP,1,335,0,0,0,0,7,24,4,2,2,1,0,10,12.86,0,1.29,0.231,76.90%,50.00%,20.00%,92.1,2.57,2.21,1.78,72
4/20/19,WSN,@MIA,1,334,0,1,0,0,5.1,27,11,7,6,1,0,9,15.19,0,1.69,0.588,41.70%,33.30%,20.00%,88.1,10.13,2.28,1.7,32
4/14/19,WSN,PIT,1,333,0,0,0,0,8,30,7,3,3,0,1,7,7.88,1.13,0,0.318,62.50%,63.60%,0.00%,86.9,3.38,1.84,3.33,70
4/7/19,WSN,@NYM,1,332,1,0,0,0,6.1,27,8,4,4,0,0,7,9.95,0,0,0.444,60.00%,33.30%,0.00%,94,5.68,1.95,3.52,57
4/2/19,WSN,PHI,1,331,0,1,0,0,5,23,7,2,1,1,1,9,16.2,1.8,1.8,0.5,90.90%,38.50%,20.00%,85.9,1.8,2.81,2.2,51
3/28/19,WSN,NYM,1,330,0,1,0,0,7.2,28,2,2,2,1,3,12,14.09,3.52,1.17,0.083,83.30%,53.80%,20.00%,83.5,2.35,2.95,2.55,76
9/25/18,WSN,MIA,1,329,1,0,0,0,7,27,5,1,1,0,0,10,12.86,0,0,0.313,83.30%,13.30%,0.00%,85,1.29,0.73,3.09,77
9/20/18,WSN,NYM,1,328,0,0,0,0,7,28,5,3,3,2,2,13,16.71,2.57,2.57,0.273,95.20%,30.80%,28.60%,89.4,3.86,4.02,1.96,58
9/14/18,WSN,@ATL,1,327,0,1,0,0,4,23,7,6,6,0,3,6,13.5,6.75,0,0.538,45.50%,7.70%,0.00%,86.1,13.5,3.16,6.05,30
9/8/18,WSN,CHC,1,326,1,0,0,0,9,36,9,3,3,0,0,11,11,0,0,0.375,70.00%,45.80%,0.00%,86.3,3,1.05,2.52,76
9/3/18,WSN,STL,1,325,0,0,0,0,7,26,4,3,3,1,1,11,14.14,1.29,1.29,0.231,55.60%,21.40%,12.50%,87.8,3.86,2.3,2.33,66
8/28/18,WSN,@PHI,1,324,0,0,0,0,5,20,4,3,3,2,0,5,9,0,3.6,0.167,90.90%,28.60%,22.20%,88,5.4,6.96,4.73,44
8/23/18,WSN,PHI,1,323,0,1,0,0,7,27,2,2,2,1,4,10,12.86,5.14,1.29,0.083,87.00%,25.00%,14.30%,85.9,2.57,3.88,3.67,66
8/17/18,WSN,MIA,1,322,1,0,0,0,6,22,5,0,0,0,1,7,10.5,1.5,0,0.357,100.00%,35.70%,0.00%,85.4,0,1.33,2.98,69
8/12/18,WSN,@CHC,1,321,0,0,0,0,7,25,3,0,0,0,1,11,14.14,1.29,0,0.231,100.00%,38.50%,0.00%,88.6,0,0.45,1.63,83
8/7/18,WSN,ATL,1,320,0,0,0,0,7,26,4,1,1,1,1,6,7.71,1.29,1.29,0.167,100.00%,36.80%,14.30%,83.8,1.29,3.73,3.53,67
8/2/18,WSN,CIN,1,319,1,0,0,0,6,24,4,2,2,1,2,10,15,3,1.5,0.273,87.00%,41.70%,20.00%,87.9,3,2.99,2.2,60
7/27/18,WSN,@MIA,1,318,1,0,0,0,8,31,3,1,0,0,1,11,12.38,1.13,0,0.167,80.00%,50.00%,0.00%,81,0,1.16,1.99,86
7/22/18,WSN,ATL,1,317,1,0,0,0,6,24,8,2,2,0,1,7,10.5,1.5,0,0.5,77.80%,31.30%,0.00%,85.6,3,1.33,2.98,57
7/12/18,WSN,@NYM,1,316,1,0,0,0,7,27,5,3,3,2,2,5,6.43,2.57,2.57,0.167,95.20%,25.00%,15.40%,81.2,3.86,6.3,5.66,50
7/7/18,WSN,MIA,1,315,1,0,0,0,7,28,7,4,4,3,2,3,3.86,2.57,3.86,0.2,100.00%,47.80%,27.30%,82.2,5.14,8.73,5.76,35
7/2/18,WSN,BOS,1,314,0,1,0,0,6,27,4,3,3,0,3,9,13.5,4.5,0,0.308,66.70%,8.30%,0.00%,92.6,4.5,2.66,4.86,60
6/26/18,WSN,@TBR,1,313,0,1,0,0,7,28,4,1,1,0,3,4,5.14,3.86,0,0.19,85.70%,40.00%,0.00%,82.7,1.29,3.3,5.43,67
6/21/18,WSN,BAL,1,312,0,0,0,0,7,27,5,2,2,2,1,9,11.57,1.29,2.57,0.2,100.00%,35.30%,20.00%,89.6,2.57,4.73,3.38,59
6/16/18,WSN,@TOR,1,311,0,1,0,0,6,24,4,2,2,1,1,10,15,1.5,1.5,0.273,87.00%,41.70%,25.00%,84.5,3,2.99,1.93,62
6/10/18,WSN,SFG,1,310,0,1,0,0,7,28,4,2,2,1,3,9,11.57,3.86,1.29,0.2,89.30%,43.80%,12.50%,86.4,2.57,3.73,3.76,63
6/5/18,WSN,TBR,1,309,1,0,0,0,8,28,5,2,2,0,0,13,14.63,0,0,0.333,60.00%,46.70%,0.00%,85,2.25,-0.09,0.53,83
5/30/18,WSN,@BAL,1,308,1,0,0,0,8,27,2,0,0,0,1,12,13.5,1.13,0,0.143,100.00%,35.70%,0.00%,91.7,0,0.54,1.36,92
5/25/18,WSN,@MIA,1,307,1,0,0,0,6,29,7,4,4,1,2,4,6,3,1.5,0.286,69.80%,31.80%,8.30%,83.7,6,5.49,6.63,42
5/19/18,WSN,LAD,1,306,0,0,0,0,7,29,5,2,2,1,3,13,16.71,3.86,1.29,0.333,90.90%,53.80%,16.70%,90.8,2.57,2.59,2.15,65
5/11/18,WSN,@ARI,1,305,1,0,0,0,7,25,4,1,1,1,0,11,14.14,0,1.29,0.231,100.00%,8.30%,14.30%,92.2,1.29,1.88,1.67,74
5/6/18,WSN,PHI,1,304,0,0,0,0,6.1,26,5,1,1,0,2,15,21.32,2.84,0,0.625,87.50%,12.50%,0.00%,89,1.42,-0.15,0.37,74
5/1/18,WSN,PIT,1,303,1,0,0,0,6.1,24,3,2,2,1,2,8,11.37,2.84,1.42,0.154,83.30%,28.60%,14.30%,87.3,2.84,3.63,3.41,62
4/25/18,WSN,@SFG,1,302,1,0,0,0,6,25,5,2,2,0,2,10,15,3,0,0.385,71.40%,30.80%,0.00%,87.6,3,0.83,2.48,64
4/20/18,WSN,@LAD,1,301,1,0,0,0,6,26,4,1,1,0,3,9,13.5,4.5,0,0.333,88.90%,41.70%,0.00%,93.6,1.5,2.66,4.31,66
4/14/18,WSN,COL,1,300,1,0,0,0,7,23,1,2,2,1,1,11,14.14,1.29,1.29,0,0.00%,40.00%,16.70%,81.6,2.57,2.3,1.86,75
4/9/18,WSN,ATL,1,299,1,0,0,0,9,28,2,0,0,0,0,10,10,0,0,0.111,100.00%,50.00%,0.00%,87,0,0.94,2.41,98
4/4/18,WSN,@ATL,1,298,0,1,0,0,5,24,6,5,2,1,2,7,12.6,3.6,1.8,0.357,45.50%,20.00%,9.10%,89.3,3.6,4.16,5.19,38
3/30/18,WSN,@CIN,1,297,1,0,0,0,6,24,5,0,0,0,1,10,15,1.5,0,0.385,100.00%,46.20%,0.00%,91.9,0,0.33,1.98,72
9/30/17,WSN,PIT,1,296,0,0,0,0,3.1,12,1,0,0,0,1,5,13.5,2.7,0,0.167,100.00%,16.70%,0.00%,87.1,0,1.06,3.19,61
9/24/17,WSN,@NYM,1,295,1,0,0,0,6,22,3,1,1,1,1,10,15,1.5,1.5,0.2,100.00%,27.30%,14.30%,89.9,1.5,2.49,2.4,69
9/19/17,WSN,@ATL,1,294,1,0,0,0,7,27,5,2,2,0,1,7,9,1.29,0,0.263,66.70%,33.30%,0.00%,84.4,2.57,1.59,3.62,71
9/13/17,WSN,ATL,1,293,0,1,0,0,6,30,7,7,7,0,6,7,10.5,9,0,0.412,46.20%,29.40%,0.00%,87.6,10.5,3.82,6.49,36
9/8/17,WSN,PHI,1,292,1,0,0,0,6,27,6,4,4,1,3,7,10.5,4.5,1.5,0.333,69.80%,26.70%,14.30%,85.1,6,4.99,4.9,47
9/2/17,WSN,@MIL,1,291,0,0,0,0,5,19,2,1,1,0,2,2,3.6,3.6,0,0.133,75.00%,28.60%,0.00%,80.1,1.8,3.56,5.34,61
8/28/17,WSN,MIA,1,290,1,0,0,0,7,27,5,1,1,1,2,10,12.86,2.57,1.29,0.308,100.00%,46.20%,20.00%,87.7,1.29,3.44,2.86,69
8/13/17,WSN,SFG,1,289,0,0,0,0,7,25,5,2,2,1,1,10,12.86,1.29,1.29,0.308,87.00%,35.70%,14.30%,87.7,2.57,2.59,2.51,68
8/7/17,WSN,MIA,1,288,0,0,0,0,7,28,5,2,2,1,2,9,11.57,2.57,1.29,0.25,89.30%,52.90%,14.30%,86.9,2.57,3.3,3.22,65
8/1/17,WSN,@MIA,1,287,0,0,0,0,1,3,0,0,0,0,0,0,0,0,0,0,100.00%,66.70%,0.00%,88.7,0,3.16,4.94,46
7/27/17,WSN,MIL,1,286,1,0,0,0,6,23,3,1,1,1,3,9,13.5,4.5,1.5,0.2,100.00%,36.40%,16.70%,88.3,1.5,3.82,3.44,64
7/21/17,WSN,@ARI,1,285,0,0,0,0,5,25,8,5,5,3,2,9,16.2,3.6,5.4,0.455,86.20%,28.60%,100.00%,94.6,9,8.56,1.82,26
7/15/17,WSN,@CIN,1,284,1,0,0,0,6,25,3,0,0,0,4,10,15,6,0,0.273,100.00%,9.10%,0.00%,85.6,0,1.82,3.9,72
7/7/17,WSN,ATL,1,283,0,0,0,0,7.2,29,6,4,4,1,1,10,11.74,1.17,1.17,0.294,53.60%,50.00%,20.00%,89,4.7,2.64,2.1,64
7/2/17,WSN,@STL,1,282,1,0,0,0,7,26,2,0,0,0,2,12,15.43,2.57,0,0.167,100.00%,58.30%,0.00%,82.7,0,0.59,1.86,86
6/27/17,WSN,CHC,1,281,1,0,0,0,6,21,2,1,1,0,0,6,9,0,0,0.143,66.70%,7.10%,0.00%,81.2,1.5,1.66,5.22,75
6/21/17,WSN,@MIA,1,280,0,1,0,0,8,29,2,2,0,0,1,11,12.38,1.13,0,0.133,60.00%,73.30%,0.00%,80.1,0,1.53,2.2,87
6/16/17,WSN,@NYM,1,279,1,0,0,0,8,29,4,1,1,1,2,10,11.25,2.25,1.13,0.214,100.00%,26.70%,11.10%,88.8,1.13,3.78,4.16,77
6/11/17,WSN,TEX,1,278,0,1,0,0,7.1,27,3,3,2,1,1,10,12.27,1.23,1.23,0.133,38.50%,56.30%,25.00%,83.5,2.45,2.61,1.81,71
6/6/17,WSN,@LAD,1,277,1,0,0,0,7,28,3,1,0,0,2,14,18,2.57,0,0.25,80.00%,50.00%,0.00%,85.2,0,0.01,1.03,83
5/31/17,WSN,@SFG,1,276,1,0,0,0,9,31,5,1,1,0,0,11,11,0,0,0.25,80.00%,31.60%,0.00%,86.7,1,0.71,2.69,92
5/26/17,WSN,SDP,1,275,1,0,0,0,8.2,31,3,1,1,1,2,13,13.5,2.08,1.04,0.143,100.00%,50.00%,16.70%,79,1.04,2.7,2.43,86
5/20/17,WSN,@ATL,1,274,0,1,0,0,5,21,4,3,3,2,3,6,10.8,5.4,3.6,0.2,95.20%,33.30%,28.60%,89.7,5.4,7.76,5.05,41
5/14/17,WSN,PHI,1,273,0,0,0,0,6,27,9,3,3,0,0,8,12,0,0,0.5,70.00%,44.40%,0.00%,84.2,4.5,0.99,2.47,57
5/9/17,WSN,@BAL,1,272,0,0,0,0,8,30,4,2,2,2,2,11,12.38,2.25,2.25,0.133,100.00%,23.50%,25.00%,92.9,2.25,4.41,2.94,69
5/4/17,WSN,ARI,1,271,1,0,0,0,7,26,2,1,1,1,2,11,14.14,2.57,1.29,0.091,100.00%,41.70%,14.30%,86.6,1.29,3.16,3.08,76
4/28/17,WSN,NYM,1,270,0,1,0,0,6,27,9,5,5,2,1,7,10.5,1.5,3,0.412,69.40%,22.20%,16.70%,87.5,7.5,5.66,4.88,36
4/23/17,WSN,@NYM,1,269,1,0,0,0,8,29,5,3,3,2,1,9,10.13,1.13,2.25,0.176,93.80%,31.60%,20.00%,87.7,3.38,4.53,3.51,64
4/18/17,WSN,@ATL,1,268,1,0,0,0,7,25,2,0,0,0,3,7,9,3.86,0,0.133,100.00%,50.00%,0.00%,86.6,0,2.44,3.71,79
4/12/17,WSN,STL,1,267,0,1,0,0,6,26,4,3,1,0,2,10,15,3,0,0.308,57.10%,30.80%,0.00%,89.2,1.5,1.32,3.4,65
4/7/17,WSN,@PHI,1,266,1,0,0,0,6.2,25,4,2,2,0,2,7,9.45,2.7,0,0.25,66.70%,25.00%,0.00%,88.9,2.7,1.96,4.36,69
10/2/16,WSN,MIA,1,265,1,0,0,0,5,25,9,5,5,2,2,7,12.6,3.6,3.6,0.5,73.20%,33.30%,50.00%,98.6,9,6.75,2.88,27
9/27/16,WSN,ARI,1,264,1,0,0,0,6,26,6,2,2,1,2,10,15,3,1.5,0.385,90.90%,15.40%,20.00%,91,3,2.98,2.2,57
9/21/16,WSN,@MIA,1,263,1,0,0,0,6.2,26,4,3,3,2,2,8,10.8,2.7,2.7,0.143,93.80%,25.00%,18.20%,83.6,4.05,5.55,4.39,54
9/16/16,WSN,@ATL,1,262,1,0,0,0,7,30,7,2,2,0,2,8,10.29,2.57,0,0.35,77.80%,30.00%,0.00%,90.3,2.57,1.72,3.86,65
9/10/16,WSN,PHI,1,261,0,0,0,0,6.2,26,4,0,0,0,1,8,10.8,1.35,0,0.267,100.00%,26.70%,0.00%,86,0,2.1,3.85,77
9/5/16,WSN,ATL,1,260,1,0,0,0,7,32,7,2,2,0,2,5,6.43,2.57,0,0.28,77.80%,36.00%,0.00%,82.1,2.57,2.58,4.72,62
8/30/16,WSN,@PHI,1,259,1,0,0,0,8,27,3,2,2,1,1,11,12.38,1.13,1.13,0.143,76.90%,33.30%,11.10%,87.3,2.25,2.4,2.65,78
8/25/16,WSN,BAL,1,258,1,0,0,0,8,26,2,0,0,0,0,10,11.25,0,0,0.125,100.00%,37.50%,0.00%,85.1,0,0.65,2.1,93
8/20/16,WSN,@ATL,1,257,1,0,0,0,6.1,28,6,4,4,0,3,6,8.53,4.26,0,0.316,55.60%,42.10%,0.00%,87.6,5.68,2.67,5.3,53
8/15/16,WSN,@COL,1,256,0,0,0,0,4,21,7,4,4,1,2,3,6.75,4.5,2.25,0.4,65.80%,25.00%,10.00%,89.1,9,6.4,7.31,30
8/9/16,WSN,CLE,1,255,0,1,0,0,7,25,3,2,1,0,1,10,12.86,1.29,0,0.214,50.00%,15.40%,0.00%,88.4,1.29,0.72,2.86,77
8/3/16,WSN,@ARI,1,254,1,0,0,0,8,29,4,3,3,2,1,11,12.38,1.13,2.25,0.133,90.90%,29.40%,20.00%,87.8,3.38,4.02,2.85,67
7/29/16,WSN,@SFG,1,253,1,0,0,0,7,27,5,1,1,0,2,6,7.71,2.57,0,0.263,85.70%,31.60%,0.00%,86.9,1.29,2.29,4.67,70
7/23/16,WSN,SDP,1,252,0,0,0,0,7,25,4,2,2,1,0,10,12.86,0,1.29,0.214,76.90%,33.30%,14.30%,76.2,2.57,2.15,1.96,71
7/17/16,WSN,PIT,1,251,0,0,0,0,7,29,6,1,1,0,1,7,9,1.29,0,0.3,87.50%,42.10%,0.00%,89.8,1.29,2,3.91,71
7/9/16,WSN,@NYM,1,250,1,0,0,0,7,27,3,1,0,0,2,9,11.57,2.57,0,0.2,83.30%,33.30%,0.00%,89,0,1.86,3.29,77
7/4/16,WSN,MIL,1,249,0,1,0,0,6,26,4,1,1,1,3,7,10.5,4.5,1.5,0.2,100.00%,35.70%,14.30%,88.4,1.5,4.48,4.26,59
6/29/16,WSN,NYM,1,248,1,0,0,0,7.1,25,2,0,0,0,1,10,12.27,1.23,0,0.143,100.00%,28.60%,0.00%,91.4,0,0.83,2.19,87
6/24/16,WSN,@MIL,1,247,0,1,0,0,6,26,5,5,5,2,3,10,15,4.5,3,0.273,57.70%,46.20%,40.00%,90.8,7.5,5.65,2.7,42
6/18/16,WSN,@SDP,1,246,0,0,0,0,6,22,4,1,1,1,0,10,15,0,1.5,0.273,100.00%,25.00%,12.50%,90.5,1.5,1.98,2.03,68
6/13/16,WSN,CHC,1,245,1,0,0,0,7,23,2,1,1,1,0,11,14.14,0,1.29,0.091,100.00%,41.70%,16.70%,91,1.29,1.86,1.43,79
6/8/16,WSN,@CHW,1,244,1,0,0,0,7,26,5,0,0,0,1,6,7.71,1.29,0,0.263,100.00%,36.80%,0.00%,82.3,0,1.86,3.76,75
6/1/16,WSN,@PHI,1,243,1,0,0,0,8,31,5,2,2,1,2,11,12.38,2.25,1.13,0.235,89.30%,23.50%,9.10%,86.7,2.25,2.77,3.44,72
5/27/16,WSN,STL,1,242,0,1,0,0,7,27,3,5,5,1,4,6,7.71,5.14,1.29,0.125,35.70%,25.00%,10.00%,84.1,6.43,5,5.53,52
5/22/16,WSN,@MIA,1,241,1,0,0,0,8,29,6,2,2,1,0,8,9,0,1.13,0.25,87.00%,38.10%,14.30%,90,2.25,2.77,2.6,71
5/17/16,WSN,@NYM,1,240,0,1,0,0,6.1,25,3,2,2,2,3,10,14.21,4.26,2.84,0.111,100.00%,18.20%,28.60%,88.7,2.84,5.99,3.72,57
5/11/16,WSN,DET,1,239,1,0,0,0,9,33,6,2,2,2,0,20,20,0,2,0.364,100.00%,23.10%,28.60%,85.8,2,1.59,0,83
5/6/16,WSN,@CHC,1,238,0,1,0,0,5,25,7,7,7,4,3,7,12.6,5.4,7.2,0.273,68.20%,26.70%,50.00%,91.2,12.6,12.55,4.81,11
5/1/16,WSN,@STL,1,237,1,0,0,0,7,25,4,0,0,0,0,9,11.57,0,0,0.25,100.00%,25.00%,0.00%,85.5,0,0.58,2.48,82
4/26/16,WSN,PHI,1,236,0,0,0,0,6,27,7,3,3,1,4,7,10.5,6,1.5,0.4,83.30%,53.30%,33.30%,92.9,4.5,4.98,3.65,45
4/21/16,WSN,@MIA,1,235,0,1,0,0,5,25,8,5,5,1,2,3,5.4,3.6,1.8,0.389,62.50%,33.30%,16.70%,94.9,9,6.35,5.75,31
4/16/16,WSN,@PHI,1,234,1,0,0,0,7,27,5,1,1,1,1,7,9,1.29,1.29,0.222,100.00%,38.90%,10.00%,79.8,1.29,3.43,3.95,67
4/11/16,WSN,ATL,1,233,1,0,0,0,6,26,6,4,4,0,3,6,9,4.5,0,0.353,55.60%,60.00%,0.00%,86.9,6,2.65,3.48,51
4/4/16,WSN,@ATL,1,232,0,0,0,0,7,25,3,2,2,2,2,7,9,2.57,2.57,0.071,100.00%,37.50%,22.20%,79,2.57,5.72,4.15,60
10/3/15,WSN,@NYM,1,231,1,0,0,0,9,28,0,0,0,0,0,17,17,0,0,0,100.00%,54.50%,0.00%,83.4,0,-0.64,0.01,109
9/28/15,WSN,CIN,1,230,1,0,0,0,8,29,2,1,1,0,3,10,11.25,3.38,0,0.125,80.00%,60.00%,0.00%,81.9,1.13,1.76,2.31,83
9/23/15,WSN,BAL,1,229,0,1,0,0,6.2,29,7,4,4,2,2,12,16.2,2.7,2.7,0.385,80.60%,33.30%,28.60%,91.8,5.4,4.33,1.98,48
9/18/15,WSN,MIA,1,228,0,0,0,0,7,28,5,2,2,1,3,6,7.71,3.86,1.29,0.222,90.90%,33.30%,11.10%,92,2.57,4.56,4.6,58
9/13/15,WSN,@MIA,1,227,1,0,0,0,8,28,5,0,0,0,0,6,6.75,0,0,0.227,100.00%,28.60%,0.00%,87,0,1.63,3.48,82
9/7/15,WSN,NYM,1,226,0,0,0,0,6,25,7,5,5,3,0,6,9,0,4.5,0.25,71.40%,26.30%,33.30%,98.1,7.5,7.63,3.35,33
9/2/15,WSN,@STL,1,225,0,0,0,0,6,29,11,2,2,1,0,10,15,0,1.5,0.556,93.80%,27.80%,11.10%,87.8,3,1.97,2.01,50
8/28/15,WSN,MIA,1,224,0,1,0,0,7,27,6,4,4,2,0,8,10.29,0,2.57,0.235,62.50%,52.60%,25.00%,85.8,5.14,4.56,2.53,52
8/20/15,WSN,@COL,1,223,0,1,0,0,6,29,8,3,3,0,3,7,10.5,4.5,0,0.421,72.70%,31.60%,0.00%,82.6,4.5,2.3,4.02,50
8/14/15,WSN,@SFG,1,222,0,1,0,0,3,17,7,6,6,2,0,3,9,0,6,0.455,38.50%,33.30%,50.00%,90.6,18,10.8,4.1,15
8/9/15,WSN,COL,1,221,0,0,0,0,6,27,8,4,4,3,1,10,15,1.5,4.5,0.385,100.00%,25.00%,37.50%,92.6,6,6.8,2.27,36
8/4/15,WSN,ARI,1,220,0,0,0,0,6,25,4,3,3,0,3,9,13.5,4.5,0,0.308,57.10%,33.30%,0.00%,88.1,4.5,1.63,2.86,60
7/30/15,WSN,@MIA,1,219,1,0,0,0,7,25,3,0,0,0,3,6,7.71,3.86,0,0.188,100.00%,66.70%,0.00%,85.4,0,2.71,3.55,74
7/24/15,WSN,@PIT,1,218,0,0,0,0,5,23,7,5,5,3,1,8,14.4,1.8,5.4,0.364,78.90%,50.00%,60.00%,96.3,9,8.33,2.01,27
7/19/15,WSN,LAD,1,217,0,1,0,0,6,26,7,1,1,0,1,8,12,1.5,0,0.412,87.50%,37.50%,0.00%,85.3,1.5,0.97,1.95,63
7/12/15,WSN,@BAL,1,216,1,0,0,0,8.2,30,4,2,2,2,0,7,7.27,0,2.08,0.095,100.00%,30.40%,16.70%,88.4,2.08,4.52,3.56,71
7/7/15,WSN,CIN,1,215,0,1,0,0,4.2,22,7,5,5,1,0,4,7.71,0,1.93,0.375,45.50%,17.60%,9.10%,87.7,9.64,4.85,5.54,35
7/2/15,WSN,@ATL,1,214,0,1,0,0,8.1,29,5,2,2,0,0,9,9.72,0,0,0.25,60.00%,38.90%,0.00%,83.5,2.16,0.97,2.57,81
6/26/15,WSN,@PHI,1,213,1,0,0,0,8,29,5,2,2,1,0,7,7.88,0,1.13,0.19,83.30%,42.90%,10.00%,88.1,2.25,3.01,3.23,71
6/20/15,WSN,PIT,1,212,1,0,0,0,9,28,0,0,0,0,0,10,10,0,0,0,100.00%,23.50%,0.00%,85,0,1.25,3.38,102
6/14/15,WSN,@MIL,1,211,1,0,0,0,9,29,1,0,0,0,1,16,16,1,0,0.083,100.00%,50.00%,0.00%,74.5,0,-0.09,0.73,104
6/9/15,WSN,@NYY,1,210,0,1,0,0,6.2,30,8,4,4,1,1,7,9.45,1.35,1.35,0.333,65.80%,27.30%,14.30%,88.9,5.4,3.43,3.03,49
6/2/15,WSN,TOR,1,209,0,1,0,0,6,27,6,4,4,2,2,5,7.5,3,3,0.222,76.90%,26.30%,22.20%,87.9,6,6.8,4.68,39
5/27/15,WSN,@CHC,1,208,1,0,0,0,7,27,5,0,0,0,1,13,16.71,1.29,0,0.385,100.00%,15.40%,0.00%,86,0,-0.15,1.32,81
5/22/15,WSN,PHI,1,207,1,0,0,0,8,29,4,1,1,0,1,6,6.75,1.13,0,0.182,80.00%,36.40%,0.00%,83.5,1.13,2.01,4.41,79
5/16/15,WSN,@SDP,1,206,1,0,0,0,7,27,4,0,0,0,2,11,14.14,2.57,0,0.286,100.00%,35.70%,0.00%,91.6,0,0.85,2.32,79
5/11/15,WSN,@ARI,1,205,1,0,0,0,7,27,5,1,1,1,1,6,7.71,1.29,1.29,0.211,100.00%,42.10%,12.50%,87,1.29,3.71,3.53,65
5/6/15,WSN,MIA,1,204,1,0,0,0,7,30,10,5,5,1,0,10,12.86,0,1.29,0.474,58.10%,26.30%,14.30%,83.9,6.43,2.13,1.75,49
5/1/15,WSN,@NYM,1,203,0,1,0,0,7,27,5,1,1,1,1,10,12.86,1.29,1.29,0.286,100.00%,42.90%,16.70%,90.6,1.29,2.99,2.4,69
4/23/15,WSN,STL,1,202,0,1,0,0,7,27,6,2,2,0,0,4,5.14,0,0,0.273,71.40%,40.90%,0.00%,86.5,2.57,2.42,4.53,66
4/17/15,WSN,PHI,1,201,1,0,0,0,8,29,4,1,1,0,0,9,10.13,0,0,0.2,75.00%,47.40%,0.00%,84.2,1.13,0.88,2.36,84
4/12/15,WSN,@PHI,1,200,0,0,0,0,6,26,6,1,1,0,2,8,12,3,0,0.375,87.50%,25.00%,0.00%,80.4,1.5,1.47,3.19,63
4/6/15,WSN,NYM,1,199,0,1,0,0,7.2,31,4,3,0,0,2,8,9.39,2.35,0,0.19,50.00%,33.30%,0.00%,86,0,1.83,3.95,71
9/25/14,DET,MIN,1,198,1,0,0,0,6,27,5,2,2,0,4,9,13.5,6,0,0.357,77.80%,28.60%,0.00%,,3,2.13,3.37,58
9/20/14,DET,@KCR,1,197,1,0,0,0,7,29,7,1,0,0,1,6,7.71,1.29,0,0.333,88.90%,42.10%,0.00%,,0,2.28,3.69,66
9/15/14,DET,@MIN,1,196,0,0,0,0,7,27,7,4,4,1,1,5,6.43,1.29,1.29,0.3,60.60%,35.00%,9.10%,,5.14,3.99,4.07,50
9/9/14,DET,KCR,1,195,1,0,0,0,6.2,30,7,1,1,0,4,6,8.1,5.4,0,0.35,90.90%,30.00%,0.00%,,1.35,3.13,4.06,58
9/4/14,DET,@CLE,1,194,0,0,0,0,6,26,4,3,2,0,3,6,9,4.5,0,0.235,57.10%,17.60%,0.00%,,3,2.63,4.9,56
8/30/14,DET,@CHW,1,193,0,1,0,0,6.2,30,9,6,5,2,0,11,14.85,0,2.7,0.412,48.40%,47.40%,40.00%,,6.75,3.73,0.76,40
8/24/14,DET,@MIN,1,192,1,0,0,0,5,24,7,3,3,0,1,4,7.2,1.8,0,0.389,66.70%,50.00%,0.00%,,5.4,2.73,3.97,46
8/19/14,DET,@TBR,1,191,0,0,0,0,7,29,4,4,4,1,3,9,11.57,3.86,1.29,0.2,60.60%,33.30%,12.50%,,5.14,4.13,3.69,56
8/14/14,DET,PIT,1,190,1,0,0,0,8,28,3,0,0,0,2,14,15.75,2.25,0,0.25,100.00%,41.70%,0.00%,,0,0.38,1.15,89
8/9/14,DET,@TOR,1,189,0,0,0,0,8,27,4,1,1,0,0,11,12.38,0,0,0.25,75.00%,43.80%,0.00%,,1.13,0.38,1.46,85
8/4/14,DET,@NYY,1,188,0,1,0,0,7,30,9,2,2,0,3,4,5.14,3.86,0,0.391,83.30%,21.70%,0.00%,,2.57,3.28,4.51,53
7/30/14,DET,CHW,1,187,1,0,0,0,7,25,5,1,1,0,1,6,7.71,1.29,0,0.278,83.30%,55.60%,0.00%,,1.29,1.85,2.73,70
7/24/14,DET,@LAA,1,186,1,0,0,0,7,28,6,3,3,0,1,11,14.14,1.29,0,0.375,57.10%,35.70%,0.00%,,3.86,0.42,1.3,67
7/19/14,DET,CLE,1,185,0,0,0,0,5.2,27,6,2,2,2,4,4,6.35,6.35,3.18,0.235,100.00%,44.40%,28.60%,,3.18,8.43,5.36,37
7/9/14,DET,LAD,1,184,1,0,0,0,7,26,4,1,1,1,2,7,9,2.57,1.29,0.188,100.00%,41.20%,12.50%,,1.29,3.85,3.4,65
7/3/14,DET,TBR,1,183,1,0,0,0,8,27,2,1,1,0,1,7,7.88,1.13,0,0.105,66.70%,31.60%,0.00%,,1.13,1.76,2.99,83
6/28/14,DET,@HOU,1,182,0,0,0,0,7,28,7,2,2,0,1,13,16.71,1.29,0,0.5,75.00%,57.10%,0.00%,,2.57,-0.15,0.73,70
6/22/14,DET,@CLE,1,181,1,0,0,0,6,26,6,1,1,0,2,8,12,3,0,0.375,87.50%,37.50%,0.00%,,1.5,1.47,2.5,62
6/17/14,DET,KCR,1,180,0,1,0,0,4,24,10,10,10,2,1,5,11.25,2.25,4.5,0.533,21.70%,31.30%,40.00%,,22.5,8.63,3.68,2
6/12/14,DET,@CHW,1,179,1,0,0,0,9,34,3,0,0,0,3,8,8,3,0,0.13,100.00%,34.80%,0.00%,,0,2.35,4.14,87
6/7/14,DET,BOS,1,178,1,0,0,0,6.2,31,11,4,4,1,1,9,12.15,1.35,1.35,0.5,75.50%,42.90%,12.50%,,5.4,2.83,2.37,44
6/1/14,DET,@SEA,1,177,0,1,0,0,6.2,27,9,4,4,1,0,7,9.45,0,1.35,0.421,65.80%,15.00%,7.70%,,5.4,2.98,3.44,48
5/27/14,DET,@OAK,1,176,0,0,0,0,6,28,8,5,5,1,2,4,6,3,1.5,0.35,62.50%,19.00%,8.30%,,7.5,5.47,5.77,36
5/21/14,DET,@CLE,1,175,0,0,0,0,7,34,12,7,7,1,2,5,6.43,2.57,1.29,0.423,55.60%,22.20%,6.70%,,9,4.42,5.21,29
5/16/14,DET,@BOS,1,174,1,0,0,0,6,23,3,0,0,0,4,7,10.5,6,0,0.25,100.00%,50.00%,0.00%,,0,2.8,3.62,66
5/10/14,DET,MIN,1,173,1,0,0,0,6,27,5,3,3,1,4,6,9,6,1.5,0.25,78.90%,23.50%,11.10%,,4.5,5.3,4.99,46
5/5/14,DET,HOU,1,172,1,0,0,0,8,28,3,0,0,0,1,9,10.13,1.13,0,0.176,100.00%,41.20%,0.00%,,0,1.63,2.87,86
4/30/14,DET,@CHW,1,171,1,0,0,0,6,25,4,0,0,0,3,7,10.5,4.5,0,0.267,100.00%,46.70%,0.00%,,0,2.3,2.92,66
4/24/14,DET,CHW,1,170,1,0,0,0,6,26,7,2,2,1,1,10,15,1.5,1.5,0.429,90.90%,33.30%,14.30%,,3,2.47,1.74,55
4/19/14,DET,LAA,1,169,1,0,0,0,7,25,3,1,1,1,2,9,11.57,2.57,1.29,0.154,100.00%,64.30%,20.00%,,1.29,3.28,2.3,69
4/13/14,DET,@SDP,1,168,0,1,0,0,5,23,4,4,4,1,3,10,18,5.4,1.8,0.333,53.60%,50.00%,25.00%,,7.2,3.53,1.92,45
4/8/14,DET,@LAD,1,167,0,0,0,0,7,28,8,2,2,1,1,8,10.29,1.29,1.29,0.389,92.10%,47.40%,20.00%,,2.57,3.13,2.16,57
4/2/14,DET,KCR,1,166,0,0,0,0,8,27,4,0,0,0,1,7,7.88,1.13,0,0.211,100.00%,31.60%,0.00%,,0,1.76,2.84,82
9/25/13,DET,@MIN,1,165,1,0,0,0,7,28,2,0,0,0,6,10,12.86,7.71,0,0.167,100.00%,36.40%,0.00%,,0,2.76,4.13,75
9/20/13,DET,CHW,1,164,1,0,0,0,6,25,6,3,3,1,1,3,4.5,1.5,1.5,0.25,71.40%,23.80%,10.00%,,4.5,4.71,4.82,49
9/15/13,DET,KCR,1,163,0,0,0,0,7,26,5,1,1,1,1,12,15.43,1.29,1.29,0.333,100.00%,15.40%,14.30%,,1.29,1.9,1.41,72
9/9/13,DET,@CHW,1,162,0,1,0,0,4,19,6,5,4,0,2,6,13.5,4.5,0,0.545,37.50%,36.40%,0.00%,,9,1.55,2.57,38
9/3/13,DET,@BOS,1,161,0,1,0,0,7,30,5,2,2,0,3,8,10.29,3.86,0,0.278,77.80%,27.80%,0.00%,,2.57,2.48,4.43,67
8/29/13,DET,OAK,1,160,0,0,0,0,5,24,8,6,5,2,1,5,9,1.8,3.6,0.375,48.40%,5.60%,18.20%,,9,6.85,4.65,26
8/24/13,DET,@NYM,1,159,1,0,0,0,6,25,3,0,0,0,4,11,16.5,6,0,0.3,100.00%,40.00%,0.00%,,0,1.38,2.52,72
8/18/13,DET,KCR,1,158,1,0,0,0,8,29,5,2,2,0,0,4,4.5,0,0,0.2,60.00%,44.00%,0.00%,,2.25,2.05,4.1,75
8/13/13,DET,@CHW,1,157,0,0,0,0,6,25,4,3,2,0,3,6,9,4.5,0,0.267,62.50%,26.70%,0.00%,,3,3.05,4.64,58
8/8/13,DET,@CLE,1,156,1,0,0,0,7,26,4,2,2,0,1,5,6.43,1.29,0,0.2,60.00%,35.00%,0.00%,,2.57,2.05,3.8,70
8/3/13,DET,CHW,1,155,1,0,0,0,7.2,28,3,0,0,0,3,6,7.04,3.52,0,0.158,100.00%,26.30%,0.00%,,0,2.66,4.62,79
7/27/13,DET,PHI,1,154,1,0,0,0,6,19,1,0,0,0,0,7,10.5,0,0,0.083,100.00%,33.30%,0.00%,,0,0.71,2.08,80
7/22/13,DET,@CHW,1,153,1,0,0,0,8,27,4,2,2,2,0,5,5.63,0,2.25,0.1,100.00%,36.40%,22.20%,,2.25,5.05,3.33,66
7/13/13,DET,TEX,1,152,0,1,0,0,6,28,8,4,4,1,2,6,9,3,1.5,0.368,69.80%,50.00%,16.70%,,6,4.21,3.41,43
7/8/13,DET,@CLE,1,151,0,0,0,0,7,30,7,2,2,0,3,7,9,3.86,0,0.35,80.00%,52.60%,0.00%,,2.57,2.33,3.5,62
7/3/13,DET,@TOR,1,150,1,0,0,0,6.1,27,7,2,2,0,1,8,11.37,1.42,0,0.412,77.80%,41.20%,0.00%,,2.84,1.47,3.41,63
6/28/13,DET,@TBR,1,149,1,0,0,0,7,26,4,3,3,2,1,9,11.57,1.29,2.57,0.143,90.90%,50.00%,33.30%,,3.86,4.62,2.08,59
6/22/13,DET,BOS,1,148,1,0,0,0,7,25,6,2,2,1,0,6,7.71,0,1.29,0.278,87.00%,52.60%,12.50%,,2.57,3.19,2.89,63
6/17/13,DET,BAL,1,147,1,0,0,0,6,27,7,1,1,1,2,10,15,3,1.5,0.429,100.00%,33.30%,16.70%,,1.5,2.88,2.08,58
6/11/13,DET,@KCR,1,146,1,0,0,0,7,25,3,2,2,1,2,6,7.71,2.57,1.29,0.125,83.30%,25.00%,11.10%,,2.57,4.05,3.95,65
6/6/13,DET,TBR,1,145,1,0,0,0,7,27,4,1,1,0,2,9,11.57,2.57,0,0.25,83.30%,25.00%,0.00%,,1.29,1.33,2.89,75
5/31/13,DET,@BAL,1,144,0,0,0,0,8,29,3,3,3,1,2,10,11.25,2.25,1.13,0.125,55.60%,17.60%,8.30%,,3.38,2.92,3.35,72
5/26/13,DET,MIN,1,143,1,0,0,0,6,25,3,1,1,0,3,6,9,4.5,0,0.188,83.30%,56.30%,0.00%,,1.5,2.55,3.69,66
5/21/13,DET,@CLE,1,142,1,0,0,0,8,27,2,1,1,0,1,7,7.88,1.13,0,0.105,66.70%,31.60%,0.00%,,1.13,1.67,2.7,85
5/15/13,DET,HOU,1,141,0,0,0,0,7,26,5,5,5,2,3,7,9,3.86,2.57,0.214,57.70%,31.30%,25.00%,,6.43,6.05,3.89,45
5/10/13,DET,CLE,1,140,1,0,0,0,8,29,5,4,4,0,0,7,7.88,0,0,0.227,20.00%,36.40%,0.00%,,4.5,1.3,2.83,72
5/4/13,DET,@HOU,1,139,1,0,0,0,8,27,3,1,1,1,2,8,9,2.25,1.13,0.125,100.00%,41.20%,16.70%,,1.13,3.42,2.82,76
4/29/13,DET,MIN,1,138,1,0,0,0,7.1,28,6,3,3,1,0,10,12.27,0,1.23,0.294,65.20%,41.20%,14.30%,,3.68,2.09,1.62,66
4/24/13,DET,KCR,1,137,1,0,0,0,5,24,7,5,5,0,3,6,10.8,5.4,0,0.467,50.00%,80.00%,0.00%,,9,2.45,2.99,40
4/17/13,DET,@SEA,1,136,0,0,0,0,8,29,6,1,1,0,1,12,13.5,1.13,0,0.375,85.70%,56.30%,0.00%,,1.13,0.42,1.11,82
4/12/13,DET,@OAK,1,135,0,0,0,0,6,24,5,2,1,0,1,11,16.5,1.5,0,0.417,66.70%,27.30%,0.00%,,1.5,-0.12,1.25,68
4/6/13,DET,NYY,1,134,1,0,0,0,5,22,5,4,4,1,2,7,12.6,3.6,1.8,0.364,60.60%,16.70%,14.30%,,7.2,4.65,3.96,44
10/3/12,DET,@KCR,1,133,0,0,0,0,4,17,3,0,0,0,2,3,6.75,4.5,0,0.25,100.00%,33.30%,0.00%,,0,3.09,5.3,57
9/23/12,DET,MIN,1,132,0,1,0,0,5,22,6,3,3,0,1,4,7.2,1.8,0,0.353,57.10%,23.50%,0.00%,,5.4,2.09,4.74,51
9/18/12,DET,OAK,1,131,0,0,0,0,2,10,2,1,1,0,2,4,18,9,0,0.5,75.00%,25.00%,0.00%,,4.5,2.09,2.83,45
9/12/12,DET,@CHW,1,130,1,0,0,0,6,21,4,1,1,1,0,7,10.5,0,1.5,0.231,100.00%,28.60%,14.30%,,1.5,2.93,2.47,66
9/7/12,DET,@LAA,1,129,0,0,0,0,8,29,5,2,2,0,0,9,10.13,0,0,0.25,60.00%,50.00%,0.00%,,2.25,0.84,1.76,81
9/1/12,DET,CHW,1,128,1,0,0,0,8,29,4,0,0,0,1,9,10.13,1.13,0,0.211,100.00%,15.80%,0.00%,,0,1.22,3.42,87
8/26/12,DET,LAA,1,127,1,0,0,0,7,26,4,1,1,0,2,9,11.57,2.57,0,0.267,83.30%,53.30%,0.00%,,1.29,1.38,2.43,76
8/21/12,DET,TOR,1,126,1,0,0,0,7,27,5,1,1,1,2,8,10.29,2.57,1.29,0.25,100.00%,41.20%,12.50%,,1.29,3.52,3.34,67
8/15/12,DET,@MIN,1,125,1,0,0,0,7,26,4,0,0,0,2,10,12.86,2.57,0,0.286,100.00%,57.10%,0.00%,,0,1.09,1.72,80
8/10/12,DET,@TEX,1,124,1,0,0,0,6,27,8,2,2,1,2,8,12,3,1.5,0.467,93.80%,37.50%,20.00%,,3,4.09,3.15,52
8/5/12,DET,CLE,1,123,0,0,0,0,5,24,10,4,4,1,1,9,16.2,1.8,1.8,0.692,72.90%,28.60%,16.70%,,7.2,2.69,1.86,39
7/30/12,DET,@BOS,1,122,0,1,0,0,6.1,28,7,5,5,1,2,9,12.79,2.84,1.42,0.375,52.60%,47.10%,16.70%,,7.11,3.25,2.59,48
7/25/12,DET,@CLE,1,121,1,0,0,0,7,27,3,2,2,1,4,8,10.29,5.14,1.29,0.143,89.30%,33.30%,10.00%,,2.57,4.38,4.62,64
7/19/12,DET,LAA,1,120,1,0,0,0,7,27,3,1,1,1,4,9,11.57,5.14,1.29,0.154,100.00%,28.60%,14.30%,,1.29,4.09,3.71,68
7/14/12,DET,@BAL,1,119,0,0,0,0,5,25,9,4,4,1,2,4,7.2,3.6,1.8,0.444,72.90%,33.30%,20.00%,,7.2,5.29,4.16,34
7/8/12,DET,KCR,1,118,1,0,0,0,7,27,5,1,1,1,1,7,9,1.29,1.29,0.222,100.00%,15.80%,7.70%,,1.29,3.38,4.25,68
6/28/12,DET,@TBR,1,117,1,0,0,0,6,24,4,2,2,0,2,7,10.5,3,0,0.267,66.70%,26.70%,0.00%,,3,1.76,3.23,65
6/23/12,DET,@PIT,1,116,0,1,0,0,6,21,3,3,3,1,1,7,10.5,1.5,1.5,0.182,55.60%,41.70%,25.00%,,4.5,3.93,2.74,60
6/17/12,DET,COL,1,115,1,0,0,0,8,31,7,0,0,0,0,12,13.5,0,0,0.368,100.00%,41.20%,0.00%,,0,0.09,1.2,86
6/12/12,DET,@CHC,1,114,0,0,0,0,6,27,5,3,3,0,5,8,12,7.5,0,0.357,70.00%,58.30%,0.00%,,4.5,2.93,3.66,55
6/6/12,DET,CLE,1,113,0,1,0,0,4.1,24,7,8,5,2,3,2,4.15,6.23,4.15,0.294,27.80%,47.40%,33.30%,,10.38,10.25,6.28,12
5/31/12,DET,@BOS,1,112,1,0,0,0,6,27,7,3,3,1,2,6,9,3,1.5,0.333,78.90%,27.80%,16.70%,,4.5,4.26,3.56,49
5/26/12,DET,@MIN,1,111,1,0,0,0,5.1,21,6,3,3,2,0,9,15.19,0,3.38,0.4,93.80%,36.40%,50.00%,,5.06,4.59,0.82,48
5/20/12,DET,PIT,1,110,1,0,0,0,7,26,4,2,2,2,1,15,19.29,1.29,2.57,0.25,100.00%,30.00%,28.60%,,2.57,2.95,0.71,69
5/15/12,DET,@CHW,1,109,0,0,0,0,4,22,8,6,5,1,3,3,6.75,6.75,2.25,0.467,52.10%,43.80%,25.00%,,11.25,7.09,5.31,21
5/10/12,DET,@OAK,1,108,1,0,0,0,6.1,25,5,2,2,1,2,9,12.79,2.84,1.42,0.308,89.30%,35.70%,14.30%,,2.84,3.25,2.82,61
5/5/12,DET,CHW,1,107,0,0,0,0,7,24,4,1,1,1,0,9,11.57,0,1.29,0.214,100.00%,33.30%,14.30%,,1.29,2.38,1.99,74
4/29/12,DET,@NYY,1,106,0,1,0,0,4.2,28,7,3,3,1,7,4,7.71,13.5,1.93,0.375,87.30%,50.00%,12.50%,,5.79,8.67,8.4,29
4/24/12,DET,SEA,1,105,0,1,0,0,5,26,10,5,5,0,2,6,10.8,3.6,0,0.556,58.30%,44.40%,0.00%,,9,1.89,3.95,37
4/18/12,DET,@KCR,1,104,1,0,0,0,6,25,7,3,3,1,1,3,4.5,1.5,1.5,0.316,78.90%,40.00%,14.30%,,4.5,5.26,4.81,48
4/13/12,DET,@CHW,1,103,0,1,0,0,6,24,5,3,3,1,1,11,16.5,1.5,1.5,0.364,65.20%,27.30%,20.00%,,4.5,2.09,1.15,60
4/8/12,DET,BOS,1,102,0,0,0,0,2.2,20,8,7,7,0,2,3,10.12,6.75,0,0.615,41.70%,23.10%,0.00%,,23.62,5.34,7.55,18
9/27/11,DET,CLE,1,101,1,0,0,0,5.2,25,7,4,4,0,2,7,11.12,3.18,0,0.438,55.60%,56.30%,0.00%,,6.35,1.61,2.72,50
9/21/11,DET,@KCR,1,100,0,0,0,0,5,19,5,2,2,0,1,5,9,1.8,0,0.385,66.70%,46.20%,0.00%,,3.6,1.63,2.63,56
9/15/11,DET,@OAK,1,99,0,1,0,0,5,24,7,5,5,3,1,8,14.4,1.8,5.4,0.4,86.20%,38.50%,50.00%,,9,9.43,3.13,28
9/10/11,DET,MIN,1,98,0,0,0,0,7,27,5,2,2,1,3,6,7.71,3.86,1.29,0.235,90.90%,38.90%,11.10%,,2.57,4.45,4.21,59
9/4/11,DET,CHW,1,97,1,0,0,0,7,25,5,0,0,0,0,6,7.71,0,0,0.263,100.00%,47.40%,0.00%,,0,1.31,2.21,77
8/29/11,DET,KCR,1,96,0,1,0,0,3,19,10,7,7,3,1,2,6,3,9,0.538,58.80%,37.50%,75.00%,,21,15.69,4.37,-2
8/24/11,DET,@TBR,1,95,0,0,0,0,5,21,4,2,2,1,2,4,7.2,3.6,1.8,0.214,87.00%,42.90%,20.00%,,3.6,5.23,3.88,49
8/19/11,DET,CLE,1,94,1,0,0,0,7,27,5,1,1,0,1,6,7.71,1.29,0,0.25,83.30%,45.00%,0.00%,,1.29,1.74,3,72
8/13/11,DET,@BAL,1,93,1,0,0,0,7,29,7,5,4,2,0,10,12.86,0,2.57,0.294,47.60%,47.40%,28.60%,,5.14,3.88,1.42,50
8/7/11,DET,@KCR,1,92,0,1,0,0,5,21,6,4,4,1,1,5,9,1.8,1.8,0.357,53.60%,40.00%,20.00%,,7.2,4.23,2.88,42
8/2/11,DET,TEX,1,91,0,0,0,0,6,26,6,2,2,0,1,1,1.5,1.5,0,0.261,75.00%,50.00%,0.00%,,3,3.69,4.95,56
7/27/11,DET,@CHW,1,90,0,1,0,0,6,27,6,2,2,1,4,8,12,6,1.5,0.357,93.00%,46.70%,33.30%,,3,4.53,2.99,51
7/22/11,DET,@MIN,1,89,1,0,0,0,7,25,4,1,1,0,1,4,5.14,1.29,0,0.2,80.00%,45.00%,0.00%,,1.29,2.31,3.57,72
7/16/11,DET,CHW,1,88,0,1,0,0,8,31,8,2,2,1,0,6,6.75,0,1.13,0.292,90.90%,50.00%,11.10%,,2.25,3.15,2.94,65
7/7/11,DET,@KCR,1,87,1,0,0,0,6.2,24,6,1,1,0,0,2,2.7,0,0,0.273,83.30%,54.50%,0.00%,,1.35,2.43,4.31,66
7/2/11,DET,SFG,1,86,0,1,0,0,2,16,6,9,6,2,3,2,9,13.5,9,0.444,0.00%,45.50%,40.00%,,27,18.53,8.67,-4
6/27/11,DET,TOR,1,85,0,0,0,0,7,27,6,2,2,1,1,9,11.57,1.29,1.29,0.313,89.30%,53.30%,25.00%,,2.57,2.74,1.6,64
6/21/11,DET,@LAD,1,84,0,1,0,0,6,29,9,6,6,1,2,3,4.5,3,1.5,0.348,52.10%,45.80%,20.00%,,9,5.19,4.07,32
6/16/11,DET,CLE,1,83,1,0,0,0,5.2,26,4,2,2,0,2,4,6.35,3.18,0,0.222,75.00%,33.30%,0.00%,,3.18,3.73,5.73,59
6/11/11,DET,SEA,1,82,1,0,0,0,7,26,4,1,1,0,2,4,5.14,2.57,0,0.2,83.30%,25.00%,0.00%,,1.29,2.74,4.71,70
6/6/11,DET,@TEX,1,81,1,0,0,0,5,24,8,5,5,1,1,4,7.2,1.8,1.8,0.389,52.60%,26.30%,14.30%,,9,4.63,3.78,34
5/31/11,DET,MIN,1,80,0,0,0,0,6.2,31,9,7,7,2,1,7,9.45,1.35,2.7,0.35,48.80%,27.30%,15.40%,,9.45,5.73,4.28,33
5/26/11,DET,BOS,1,79,0,1,0,0,2,15,7,7,7,1,2,1,4.5,9,4.5,0.545,26.30%,8.30%,12.50%,,31.5,11.53,10.05,7
5/21/11,DET,@PIT,1,78,0,1,0,0,5.2,24,7,3,3,0,0,7,11.12,0,0,0.412,57.10%,41.20%,0.00%,,4.76,0.55,1.44,57
5/16/11,DET,TOR,1,77,0,0,0,0,7,29,8,1,0,0,1,2,2.57,1.29,0,0.308,88.90%,26.10%,0.00%,,0,2.88,4.86,62
5/9/11,DET,@TOR,1,76,1,0,0,0,5,23,5,2,2,1,3,5,9,5.4,1.8,0.286,90.90%,40.00%,11.10%,,3.6,5.43,5.09,46
5/4/11,DET,NYY,1,75,1,0,0,0,8,29,4,0,0,0,2,9,10.13,2.25,0,0.222,100.00%,41.20%,0.00%,,0,1.53,2.78,84
4/29/11,DET,@CLE,1,74,0,0,0,0,6.2,29,6,5,5,2,5,7,9.45,6.75,2.7,0.267,73.20%,41.20%,28.60%,,6.75,7.08,4.49,37
4/24/11,DET,CHW,1,73,1,0,0,0,8,29,4,0,0,0,3,7,7.88,3.38,0,0.211,100.00%,61.10%,0.00%,,0,2.4,3.03,80
4/18/11,DET,@SEA,1,72,1,0,0,0,6,26,6,2,2,1,4,7,10.5,6,1.5,0.357,93.00%,26.70%,16.70%,,3,4.86,3.95,50
4/13/11,DET,TEX,1,71,0,0,0,0,6,27,7,2,2,0,2,7,10.5,3,0,0.412,80.00%,31.30%,0.00%,,3,2.19,3.66,58
4/8/11,DET,KCR,1,70,1,0,0,0,6,26,7,1,1,0,2,3,4.5,3,0,0.333,88.90%,28.60%,0.00%,,1.5,3.03,5.54,57
4/3/11,DET,@NYY,1,69,1,0,0,0,5,27,9,6,6,4,2,6,10.8,3.6,7.2,0.333,92.60%,36.80%,44.40%,,10.8,12.23,4.09,11
9/29/10,DET,@CLE,1,68,0,1,0,0,5,25,8,4,4,2,3,3,5.4,5.4,3.6,0.353,85.40%,50.00%,28.60%,,7.2,8.88,5.39,26
9/22/10,DET,KCR,1,67,1,0,0,0,7.2,26,2,0,0,0,2,8,9.39,2.35,0,0.125,100.00%,53.30%,0.00%,,0,1.77,2.89,85
9/17/10,DET,@CHW,1,66,1,0,0,0,8,28,2,2,2,2,2,11,12.38,2.25,2.25,0,100.00%,42.90%,33.30%,,2.25,4.7,2.37,72
9/11/10,DET,BAL,1,65,0,1,0,0,6,31,12,4,4,0,1,5,7.5,1.5,0,0.48,69.20%,36.00%,0.00%,,6,1.91,3.95,42
9/6/10,DET,CHW,1,64,0,0,0,0,7.1,33,9,4,4,0,2,6,7.36,2.45,0,0.375,66.70%,33.30%,0.00%,,4.91,2.67,4.17,55
9/1/10,DET,@MIN,1,63,0,0,0,0,9,30,4,1,1,0,1,9,9,1,0,0.2,80.00%,45.00%,0.00%,,1,1.41,2.23,89
8/26/10,DET,@TOR,1,62,1,0,0,0,8,28,6,1,1,1,1,8,9,1.13,1.13,0.278,100.00%,42.10%,11.10%,,1.13,3.08,2.83,72
8/21/10,DET,CLE,1,61,1,0,0,0,7,27,4,2,1,0,2,8,10.29,2.57,0,0.235,66.70%,35.30%,0.00%,,1.29,1.65,2.87,71
8/16/10,DET,@NYY,1,60,1,0,0,0,6,21,2,0,0,0,2,6,9,3,0,0.154,100.00%,46.20%,0.00%,,0,2.08,2.89,73
8/10/10,DET,TBR,1,59,0,1,0,0,7,28,4,2,1,0,4,2,2.57,5.14,0,0.182,75.00%,45.50%,0.00%,,1.29,4.22,5.27,61
8/5/10,DET,CHW,1,58,0,0,0,0,7,27,8,2,2,0,2,7,9,2.57,0,0.444,80.00%,43.80%,0.00%,,2.57,1.94,2.98,62
7/31/10,DET,@BOS,1,57,0,0,0,0,6.1,25,9,1,1,0,1,3,4.26,1.42,0,0.429,90.00%,33.30%,0.00%,,1.42,2.6,4.15,57
7/26/10,DET,@TBR,1,56,0,1,0,0,5.2,24,2,4,3,1,4,8,12.71,6.35,1.59,0.091,43.50%,27.30%,16.70%,,4.76,4.67,3.67,51
7/21/10,DET,TEX,1,55,1,0,0,0,7,26,4,0,0,0,3,5,6.43,3.86,0,0.222,100.00%,55.60%,0.00%,,0,2.94,4.16,72
7/16/10,DET,@CLE,1,54,0,1,0,0,5,26,5,4,4,1,5,7,12.6,9,1.8,0.308,69.80%,28.60%,12.50%,,7.2,5.88,5.23,38
7/7/10,DET,BAL,1,53,1,0,0,0,7,28,6,1,1,0,2,6,7.71,2.57,0,0.3,87.50%,40.00%,0.00%,,1.29,2.22,3.62,68
7/2/10,DET,SEA,1,52,1,0,0,0,8,27,3,1,1,1,2,7,7.88,2.25,1.13,0.118,100.00%,58.80%,16.70%,,1.13,3.7,2.99,75
6/26/10,DET,@ATL,1,51,0,0,0,0,5.2,24,3,0,0,0,4,8,12.71,6.35,0,0.273,100.00%,60.00%,0.00%,,0,2.9,3.55,67
6/20/10,DET,ARI,1,50,1,0,0,0,7,26,4,1,1,0,2,8,10.29,2.57,0,0.25,83.30%,50.00%,0.00%,,1.29,1.65,2.52,74
6/15/10,DET,WSN,1,49,1,0,0,0,6,27,7,4,3,1,2,9,13.5,3,1.5,0.4,65.80%,40.00%,14.30%,,4.5,3.25,2.5,48
6/10/10,DET,@CHW,1,48,0,1,0,0,7.1,27,5,3,3,2,1,7,8.59,1.23,2.45,0.176,93.80%,37.50%,22.20%,,3.68,5.12,3.08,57
6/4/10,DET,@KCR,1,47,0,1,0,0,5,24,9,5,5,0,2,3,5.4,3.6,0,0.474,54.50%,26.30%,0.00%,,9,3.08,4.3,35
5/30/10,DET,OAK,1,46,1,0,0,0,5.2,24,2,0,0,0,4,14,22.24,6.35,0,0.4,100.00%,20.00%,0.00%,,0,0.78,1.65,75
5/14/10,DET,BOS,1,45,0,1,0,0,5,22,6,6,6,3,2,1,1.8,3.6,5.4,0.188,52.60%,36.80%,33.30%,,10.8,11.68,6.08,18
5/9/10,DET,@CLE,1,44,0,1,0,0,5,27,9,5,5,0,3,4,7.2,5.4,0,0.45,58.30%,47.40%,0.00%,,9,3.28,4.99,34
5/3/10,DET,@MIN,1,43,0,1,0,0,4.1,25,8,10,10,1,4,1,2.08,8.31,2.08,0.368,18.90%,30.00%,14.30%,,20.77,8.39,7.36,6
4/28/10,DET,MIN,1,42,0,0,0,0,3.2,20,10,6,6,2,0,3,7.36,0,4.91,0.533,55.60%,41.20%,33.30%,,14.73,8.53,3.44,14
4/23/10,DET,@TEX,1,41,0,0,0,0,7,27,5,4,3,1,2,7,9,2.57,1.29,0.25,60.60%,33.30%,14.30%,,3.86,4.22,3.59,56
4/18/10,DET,@SEA,1,40,1,0,0,0,6,22,6,2,2,1,1,4,6,1.5,1.5,0.313,89.30%,35.30%,12.50%,,3,4.41,3.87,53
4/12/10,DET,KCR,1,39,0,1,0,0,5,23,9,5,2,1,2,3,5.4,3.6,1.8,0.471,62.50%,37.50%,20.00%,,3.6,5.68,4.3,29
4/7/10,DET,@KCR,1,38,0,0,0,0,6,22,1,0,0,0,2,3,4.5,3,0,0.067,100.00%,33.30%,0.00%,,0,4.08,5.5,72
9/25/09,ARI,SDP,1,37,0,1,0,0,5,22,5,3,3,0,3,6,10.8,5.4,0,0.385,62.50%,38.50%,0.00%,,5.4,2.5,3.81,51
9/19/09,ARI,COL,1,36,0,1,0,0,5.1,25,3,4,3,2,5,6,10.13,8.44,3.38,0.091,80.60%,15.40%,22.20%,,5.06,9.1,6.44,38
9/13/09,ARI,MIL,1,35,0,0,0,0,6,21,3,1,1,1,2,5,7.5,3,1.5,0.154,100.00%,35.70%,14.30%,,1.5,4.6,3.96,62
9/7/09,ARI,LAD,1,34,0,1,0,0,7,29,6,4,4,3,1,3,3.86,1.29,3.86,0.143,100.00%,40.90%,33.30%,,5.14,8.67,4.79,41
9/2/09,ARI,@LAD,1,33,1,0,0,0,7.2,30,7,1,1,0,1,4,4.7,1.17,0,0.28,87.50%,41.70%,0.00%,,1.17,2.44,3.82,71
8/28/09,ARI,HOU,1,32,1,0,0,0,6,26,5,6,5,1,2,8,12,3,1.5,0.286,30.30%,40.00%,12.50%,,7.5,4.1,3.68,46
8/22/09,ARI,@HOU,1,31,0,1,0,0,5,24,7,4,4,0,2,7,12.6,3.6,0,0.467,55.60%,66.70%,0.00%,,7.2,1.5,2.28,47
8/17/09,ARI,@ATL,1,30,0,1,0,0,5,25,6,9,3,2,1,7,12.6,1.8,3.6,0.308,0.00%,28.60%,33.30%,,5.4,7.3,3.67,24
8/11/09,ARI,NYM,1,29,1,0,0,0,6.2,28,8,2,2,1,0,8,10.8,0,1.35,0.368,90.90%,57.90%,16.70%,,2.7,2.65,1.88,60
8/6/09,ARI,@PIT,1,28,0,0,0,0,5.1,26,7,5,5,0,4,5,8.44,6.75,0,0.438,58.30%,56.30%,0.00%,,8.44,4.03,5.02,40
8/1/09,ARI,@NYM,1,27,0,0,0,0,4,20,6,4,4,0,2,4,9,4.5,0,0.429,50.00%,42.90%,0.00%,,9,2.6,3.91,40
7/26/09,ARI,PIT,1,26,1,0,0,0,7,26,5,0,0,0,0,8,10.29,0,0,0.278,100.00%,16.70%,0.00%,,0,0.81,2.87,80
7/21/09,ARI,@COL,1,25,0,0,0,0,4,20,7,4,4,1,1,6,13.5,2.25,2.25,0.5,60.60%,27.30%,20.00%,,9,4.1,2.49,36
7/8/09,ARI,SDP,1,24,0,0,0,0,7,27,4,2,2,0,3,9,11.57,3.86,0,0.267,71.40%,46.70%,0.00%,,2.57,1.81,3.31,71
7/3/09,ARI,@COL,1,23,0,1,0,0,6,26,6,5,3,1,1,5,7.5,1.5,1.5,0.263,35.70%,40.00%,12.50%,,4.5,4.1,3.68,46
6/28/09,ARI,LAA,1,22,0,1,0,0,4.1,21,4,8,3,0,3,2,4.15,6.23,0,0.25,-14.30%,62.50%,0.00%,,6.23,4.25,5.16,30
6/23/09,ARI,TEX,1,21,1,0,0,0,6,27,7,2,2,0,1,7,10.5,1.5,0,0.389,77.80%,22.20%,0.00%,,3,1.76,3.73,61
6/17/09,ARI,@KCR,1,20,1,0,0,0,6,30,9,2,2,0,3,5,7.5,4.5,0,0.409,83.30%,52.40%,0.00%,,3,2.93,4.24,51
6/11/09,ARI,SFG,1,19,1,0,0,0,7.2,27,3,0,0,0,1,6,7.04,1.17,0,0.158,100.00%,31.60%,0.00%,,0,2.31,4.37,84
6/6/09,ARI,@SDP,1,18,0,0,0,0,5,23,3,0,0,0,5,6,10.8,9,0,0.273,100.00%,45.50%,0.00%,,0,4.3,4.82,60
5/31/09,ARI,ATL,1,17,0,1,0,0,3.2,24,10,8,8,2,3,4,9.82,7.36,4.91,0.571,53.60%,31.30%,40.00%,,19.64,11.28,5.98,4
5/26/09,ARI,SDP,1,16,1,0,0,0,7,27,6,2,2,1,0,10,12.86,0,1.29,0.313,87.00%,29.40%,12.50%,,2.57,2.1,1.74,68
5/21/09,ARI,@FLA,1,15,0,0,0,0,6,26,6,3,3,1,2,10,15,3,1.5,0.385,75.80%,66.70%,25.00%,,4.5,2.93,1.64,55
5/16/09,ARI,@ATL,1,14,1,0,0,0,6,22,4,0,0,0,3,4,6,4.5,0,0.267,100.00%,40.00%,0.00%,,0,3.26,4.14,66
5/10/09,ARI,WSN,1,13,0,0,0,0,5,25,7,4,4,3,3,5,9,5.4,5.4,0.286,100.00%,37.50%,42.90%,,7.2,10.7,4.74,25
5/5/09,ARI,@LAD,1,12,0,1,0,0,6,25,4,3,2,0,2,4,6,3,0,0.211,50.00%,55.60%,0.00%,,3,2.76,3.86,59
4/30/09,ARI,@MIL,1,11,0,0,0,0,6,24,5,0,0,0,1,7,10.5,1.5,0,0.313,100.00%,50.00%,0.00%,,0,1.26,2.58,71
4/25/09,ARI,SFG,1,10,0,1,0,0,4.2,21,5,4,4,1,2,6,11.57,3.86,1.93,0.333,53.60%,46.20%,14.30%,,7.71,4.6,3.78,42
4/19/09,ARI,@SFG,1,9,0,1,0,0,5,22,3,1,1,0,4,6,10.8,7.2,0,0.25,85.70%,25.00%,0.00%,,1.8,3.1,4.67,59
4/14/09,ARI,STL,1,8,0,0,0,0,5,22,5,3,3,0,2,1,1.8,3.6,0,0.263,57.10%,55.60%,0.00%,,5.4,3.9,5.74,48
9/24/08,ARI,@STL,1,7,0,1,0,0,5,24,7,4,2,0,2,4,7.2,3.6,0,0.389,55.60%,37.50%,0.00%,,3.6,2.73,4.05,44
9/19/08,ARI,@COL,1,6,0,1,0,0,6,26,7,3,3,2,1,8,12,1.5,3,0.333,96.20%,35.30%,25.00%,,4.5,5.3,2.72,47
9/14/08,ARI,CIN,1,5,0,0,0,0,6,23,2,1,1,1,3,9,13.5,4.5,1.5,0.1,100.00%,54.50%,25.00%,,1.5,3.8,2.51,66
9/7/08,ARI,@LAD,1,4,0,0,0,0,5,21,5,3,3,0,1,11,19.8,1.8,0,0.556,50.00%,25.00%,0.00%,,5.4,-0.67,-0.4,60
8/31/08,ARI,LAD,0,3,0,0,0,0,2,7,2,0,0,0,0,1,4.5,0,0,0.333,100.00%,50.00%,0.00%,,0,2.13,2.79,
8/29/08,ARI,LAD,0,3,0,0,0,0,1,3,0,0,0,0,0,0,0,0,0,0,100.00%,33.30%,0.00%,,0,3.13,4.45,
6/11/08,ARI,@NYM,0,3,0,0,0,0,2,7,0,0,0,0,1,1,4.5,4.5,0,0,100.00%,20.00%,0.00%,,0,3.63,5.61,
6/8/08,ARI,@PIT,0,3,0,0,0,0,2.1,13,3,1,1,0,2,2,7.71,7.71,0,0.429,85.70%,33.30%,0.00%,,3.86,6.56,7.69,
6/3/08,ARI,@MIL,0,3,0,0,0,0,1,6,3,3,3,2,0,1,9,0,18,0.333,0.00%,40.00%,100.00%,,27,27.13,3.77,
5/30/08,ARI,WSN,0,3,0,0,0,0,2.2,12,1,1,1,0,3,1,3.37,10.12,0,0.125,75.00%,62.50%,0.00%,,3.37,5.76,6.75,
5/26/08,ARI,@ATL,0,3,0,0,0,0,2.2,10,2,0,0,0,1,4,13.5,3.37,0,0.4,100.00%,50.00%,0.00%,,0,1.26,1.26,
5/23/08,ARI,@ATL,0,3,0,0,0,0,1,3,0,0,0,0,0,1,9,0,0,0,100.00%,100.00%,0.00%,,0,1.13,1.13,
5/17/08,ARI,DET,1,3,0,1,0,0,5,22,3,2,0,0,4,5,9,7.2,0,0.231,71.40%,61.50%,0.00%,,0,3.53,4.32,55
5/10/08,ARI,@CHC,1,2,0,0,0,0,6,24,5,1,0,0,1,6,9,1.5,0,0.333,87.50%,21.40%,0.00%,,0,2.63,4.17,67
5/5/08,ARI,PHI,1,1,0,1,0,0,4,23,8,5,5,0,2,5,11.25,4.5,0,0.533,54.50%,40.00%,0.00%,,11.25,2.88,3.54,34
4/29/08,ARI,HOU,0,0,0,0,0,0,4.1,13,0,0,0,0,0,7,14.54,0,0,0,100.00%,40.00%,0.00%,,0,-0.1,0.51,